{"cameraMode":{"drawMode":0,"name":"Shaded","section":"Shading Mode"},"sceneLighting":true,"audioPlay":false,"sceneViewState":{"m_AlwaysRefresh":false,"showFog":true,"showSkybox":true,"showFlares":true,"showImageEffects":true,"showParticleSystems":true,"showVisualEffectGraphs":true,"m_FxEnabled":true},"in2DMode":false,"pivot":{"x":-5.2416253089904789,"y":26.027523040771486,"z":-20.279489517211915},"rotation":{"x":0.3234427273273468,"y":0.10846327245235443,"z":-0.040031082928180698,"w":0.939635694026947},"size":6.090439319610596,"orthographic":false}