{"cameraMode":{"drawMode":0,"name":"Shaded","section":"Shading Mode"},"sceneLighting":true,"audioPlay":false,"sceneViewState":{"m_AlwaysRefresh":false,"showFog":true,"showSkybox":true,"showFlares":true,"showImageEffects":true,"showParticleSystems":true,"showVisualEffectGraphs":true,"m_FxEnabled":true},"in2DMode":false,"pivot":{"x":-59.072364807128909,"y":21.786298751831056,"z":95.30921173095703},"rotation":{"x":0.02549036778509617,"y":0.8968021869659424,"z":-0.05298294499516487,"w":0.43924275040626528},"size":2.9660251140594484,"orthographic":false}