{"cameraMode":{"drawMode":0,"name":"Shaded","section":"Shading Mode"},"sceneLighting":true,"audioPlay":false,"sceneViewState":{"m_AlwaysRefresh":false,"showFog":true,"showSkybox":true,"showFlares":true,"showImageEffects":true,"showParticleSystems":true,"showVisualEffectGraphs":true,"m_FxEnabled":true},"in2DMode":false,"pivot":{"x":-11.83056926727295,"y":-318.8224792480469,"z":95.72244262695313},"rotation":{"x":-0.6074255704879761,"y":0.0033456971868872644,"z":-0.0025331859942525627,"w":-0.7943874001502991},"size":189.49929809570313,"orthographic":false}