{"cameraMode":{"drawMode":0,"name":"Shaded","section":"Shading Mode"},"sceneLighting":true,"audioPlay":false,"sceneViewState":{"showFog":true,"showMaterialUpdate":false,"showSkybox":true,"showFlares":true,"showImageEffects":true,"showParticleSystems":true},"in2DMode":false,"pivot":{"x":-21.07897186279297,"y":11.845537185668946,"z":1.2424468994140626},"rotation":{"x":-0.3518420159816742,"y":-0.24942165613174439,"z":0.09782097488641739,"w":-0.8969600200653076},"size":11.9259033203125,"orthographic":false}