{"cameraMode":{"drawMode":0,"name":"Shaded","section":"Shading Mode"},"sceneLighting":true,"audioPlay":false,"sceneViewState":{"m_AlwaysRefresh":false,"showFog":true,"showSkybox":true,"showFlares":true,"showImageEffects":true,"showParticleSystems":true,"showVisualEffectGraphs":true,"m_FxEnabled":true},"in2DMode":false,"pivot":{"x":-18.369922637939454,"y":16.116331100463868,"z":-6.448707580566406},"rotation":{"x":-0.15613500773906709,"y":-0.11355661600828171,"z":0.017963167279958726,"w":-0.9810695052146912},"size":11.389237403869629,"orthographic":false}